{
    "name": "root",
    "gauges": {
        "CoinAgent.Policy.Entropy.mean": {
            "value": 1.447593331336975,
            "min": 1.3182657957077026,
            "max": 3.9846763610839844,
            "count": 400
        },
        "CoinAgent.Policy.ExtrinsicValueEstimate.mean": {
            "value": 1.5813961029052734,
            "min": -0.28062281012535095,
            "max": 2.2116734981536865,
            "count": 400
        },
        "CoinAgent.Agent1score.mean": {
            "value": 6.0,
            "min": 0.0,
            "max": 12.0,
            "count": 400
        },
        "CoinAgent.Agent2score.mean": {
            "value": 6.5,
            "min": 0.0,
            "max": 10.0,
            "count": 400
        },
        "CoinAgent.Agent3score.mean": {
            "value": 3.0,
            "min": 0.0,
            "max": 14.0,
            "count": 400
        },
        "CoinAgent.Agent4score.mean": {
            "value": 9.5,
            "min": 0.0,
            "max": 12.5,
            "count": 400
        },
        "CoinAgent.IsTraining.mean": {
            "value": 1.0,
            "min": 1.0,
            "max": 1.0,
            "count": 400
        },
        "CoinAgent.Losses.ValueLoss.mean": {
            "value": 0.24506255984306335,
            "min": 0.009405644610524178,
            "max": 0.5981585383415222,
            "count": 380
        },
        "CoinAgent.Losses.PolicyLoss.mean": {
            "value": 0.02326876111328602,
            "min": 0.015239657834172249,
            "max": 0.034007761627435684,
            "count": 380
        },
        "CoinAgent.Policy.LearningRate.mean": {
            "value": 7.392988550236623e-07,
            "min": 7.392988550236623e-07,
            "max": 0.00029921281384304166,
            "count": 380
        },
        "CoinAgent.Policy.Epsilon.mean": {
            "value": 0.10024640709161758,
            "min": 0.10024640709161758,
            "max": 0.19973759353160858,
            "count": 380
        },
        "CoinAgent.Policy.Beta.mean": {
            "value": 2.229534220532514e-05,
            "min": 2.229534220532514e-05,
            "max": 0.004986906889826059,
            "count": 380
        },
        "CoinAgent.Environment.EpisodeLength.mean": {
            "value": 999.0,
            "min": 999.0,
            "max": 999.0,
            "count": 166
        },
        "CoinAgent.Environment.CumulativeReward.mean": {
            "value": 20.22312513036498,
            "min": -3.8099999484062814,
            "max": 45.24000012874603,
            "count": 199
        },
        "CoinAgent.Policy.ExtrinsicReward.mean": {
            "value": 20.22312513036498,
            "min": -3.8099999484062814,
            "max": 45.24000012874603,
            "count": 199
        }
    },
    "metadata": {
        "timer_format_version": "0.1.0",
        "start_time_seconds": "1599762649",
        "python_version": "3.7.8 (tags/v3.7.8:4b47a5b6ba, Jun 28 2020, 08:53:46) [MSC v.1916 64 bit (AMD64)]",
        "command_line_arguments": "C:\\Users\\Davide\\AppData\\Local\\Programs\\Python\\Python37\\Scripts\\mlagents-learn config/CoinAgentPPO.yaml --run-id=CoinAgentTrain5",
        "mlagents_version": "0.17.0",
        "mlagents_envs_version": "0.17.0",
        "communication_protocol_version": "1.0.0",
        "tensorflow_version": "2.2.0",
        "end_time_seconds": "1599770936"
    },
    "total": 8287.1837536,
    "count": 1,
    "self": 0.33675250000123924,
    "children": {
        "run_training.setup": {
            "total": 0.012745899999999644,
            "count": 1,
            "self": 0.012745899999999644
        },
        "TrainerController.start_learning": {
            "total": 8286.8342552,
            "count": 1,
            "self": 183.5205877000717,
            "children": {
                "TrainerController._reset_env": {
                    "total": 29.519894700000002,
                    "count": 1,
                    "self": 29.519894700000002
                },
                "TrainerController.advance": {
                    "total": 8073.4234075999275,
                    "count": 166709,
                    "self": 3.833306299949072,
                    "children": {
                        "env_step": {
                            "total": 8069.590101299978,
                            "count": 166709,
                            "self": 7775.405420400051,
                            "children": {
                                "SubprocessEnvManager._take_step": {
                                    "total": 290.3171839000787,
                                    "count": 166709,
                                    "self": 12.709177899867427,
                                    "children": {
                                        "NNPolicy.evaluate": {
                                            "total": 277.6080060002113,
                                            "count": 166709,
                                            "self": 277.6080060002113
                                        }
                                    }
                                },
                                "workers": {
                                    "total": 3.867496999848491,
                                    "count": 166709,
                                    "self": 0.0,
                                    "children": {
                                        "worker_root": {
                                            "total": 8248.99387499997,
                                            "count": 166709,
                                            "is_parallel": true,
                                            "self": 1264.615536899997,
                                            "children": {
                                                "steps_from_proto": {
                                                    "total": 0.001730999999999483,
                                                    "count": 1,
                                                    "is_parallel": true,
                                                    "self": 0.00040939999999878296,
                                                    "children": {
                                                        "_process_vector_observation": {
                                                            "total": 0.0013216000000007,
                                                            "count": 4,
                                                            "is_parallel": true,
                                                            "self": 0.0013216000000007
                                                        }
                                                    }
                                                },
                                                "UnityEnvironment.step": {
                                                    "total": 6984.376607099972,
                                                    "count": 166709,
                                                    "is_parallel": true,
                                                    "self": 62.01476609990186,
                                                    "children": {
                                                        "UnityEnvironment._generate_step_input": {
                                                            "total": 63.834050800064986,
                                                            "count": 166709,
                                                            "is_parallel": true,
                                                            "self": 63.834050800064986
                                                        },
                                                        "communicator.exchange": {
                                                            "total": 6585.782422600043,