{"count":1,"self":737.255936,"total":2363.7254279999997,"children":{"InitializeSensors":{"count":16,"self":0.0059819,"total":0.0059819,"children":null},"AgentSendState":{"count":350467,"self":47.4963616,"total":333.8175026,"children":{"CollectObservations":{"count":1121504,"self":14.804032,"total":14.804031799999999,"children":null},"CollectDiscreteActionMasks":{"count":1121504,"self":9.7492248,"total":9.749225,"children":null},"RequestDecision":{"count":1121504,"self":45.513708799999996,"total":261.7678856,"children":{"AgentInfo.ToProto":{"count":1121504,"self":29.339807999999998,"total":216.2541775,"children":{"GenerateSensorData":{"count":1121504,"self":49.0238464,"total":186.91437109999998,"children":{"RayPerceptionSensor.Perceive":{"count":1121504,"self":137.8905216,"total":137.8905242,"children":null}}}}}}}}},"DecideAction":{"count":350467,"self":888.0714752,"total":888.0714756,"children":null},"AgentAct":{"count":350467,"self":404.4558336,"total":404.49476239999996,"children":{"AgentInfo.ToProto":{"count":148,"self":0.0009958,"total":0.038922,"children":{"GenerateSensorData":{"count":148,"self":0.0039865,"total":0.0379262,"children":{"RayPerceptionSensor.Perceive":{"count":148,"self":0.033939699999999996,"total":0.033939699999999996,"children":null}}}}}}},"AgentInfo.ToProto":{"count":148,"self":0.005996,"total":0.07679119999999999,"children":{"GenerateSensorData":{"count":148,"self":0.0049904,"total":0.0707952,"children":{"RayPerceptionSensor.Perceive":{"count":148,"self":0.0658048,"total":0.0658048,"children":null}}}}}},"gauges":{"CoinAgent.CumulativeReward":{"count":296,"max":56.5100136,"min":-37.5349731,"runningAverage":2.62861514,"value":16.2,"weightedAverage":8.963344}},"metadata":{"timer_format_version":"0.1.0","start_time_seconds":"1599834868","unity_version":"2019.4.3f1","command_line_arguments":"C:\\Program Files\\Unity\\Hub\\Editor\\2019.4.3f1\\Editor\\Unity.exe -projectpath C:\/Users\/Davide\/AIML-Project -useHub -hubIPC -cloudEnvironment production -hubSessionId 3b108060-f411-11ea-9bd7-bd651331395d -accessToken pCkfzm03c9O--OYxXEtknMgOJvd2_3k6d8fXe_0iLqE006f","communication_protocol_version":"1.0.0","com.unity.ml-agents_version":"1.2.0-preview","scene_name":"AIML-Scene","end_time_seconds":"1599837232"}}