{
    "name": "root",
    "gauges": {
        "CoinAgent.Policy.Entropy.mean": {
            "value": 0.4491073489189148,
            "min": 0.4445277452468872,
            "max": 2.8283677101135254,
            "count": 395
        },
        "CoinAgent.Policy.ExtrinsicValueEstimate.mean": {
            "value": 12.832315444946289,
            "min": 0.03965805098414421,
            "max": 12.929743766784668,
            "count": 395
        },
        "CoinAgent.Agent1score.mean": {
            "value": 4.0,
            "min": 0.0,
            "max": 7.0,
            "count": 395
        },
        "CoinAgent.Agent2score.mean": {
            "value": 3.0,
            "min": 0.0,
            "max": 6.5,
            "count": 395
        },
        "CoinAgent.Agent3score.mean": {
            "value": 5.5,
            "min": 0.0,
            "max": 6.5,
            "count": 395
        },
        "CoinAgent.Agent4score.mean": {
            "value": 3.0,
            "min": 0.0,
            "max": 7.0,
            "count": 395
        },
        "CoinAgent.IsTraining.mean": {
            "value": 1.0,
            "min": 1.0,
            "max": 1.0,
            "count": 395
        },
        "CoinAgent.Losses.ValueLoss.mean": {
            "value": 1.0962432622909546,
            "min": 0.08892570436000824,
            "max": 1.4098336696624756,
            "count": 382
        },
        "CoinAgent.Losses.PolicyLoss.mean": {
            "value": 0.013778592459857464,
            "min": 0.009508834220468998,
            "max": 0.024138445034623146,
            "count": 382
        },
        "CoinAgent.Policy.LearningRate.mean": {
            "value": 4.526421548689541e-07,
            "min": 4.526421548689541e-07,
            "max": 0.00029524174169637263,
            "count": 382
        },
        "CoinAgent.Policy.Epsilon.mean": {
            "value": 0.10015084594488144,
            "min": 0.10015084594488144,
            "max": 0.1984139084815979,
            "count": 382
        },
        "CoinAgent.Policy.Beta.mean": {
            "value": 2.5069655748666264e-05,
            "min": 2.5069655748666264e-05,
            "max": 0.009841552004218102,
            "count": 382
        },
        "CoinAgent.Environment.EpisodeLength.mean": {
            "value": 616.9166666666666,
            "min": 441.75,
            "max": 4999.0,
            "count": 386
        },
        "CoinAgent.Environment.CumulativeReward.mean": {
            "value": 88.52499961853027,
            "min": 10.599998772144318,
            "max": 223.8650003671646,
            "count": 386
        },
        "CoinAgent.Policy.ExtrinsicReward.mean": {
            "value": 88.52499961853027,
            "min": 10.599998772144318,
            "max": 223.8650003671646,
            "count": 386
        }
    },
    "metadata": {
        "timer_format_version": "0.1.0",
        "start_time_seconds": "1600269511",
        "python_version": "3.7.8 (tags/v3.7.8:4b47a5b6ba, Jun 28 2020, 08:53:46) [MSC v.1916 64 bit (AMD64)]",
        "command_line_arguments": "C:\\Users\\Davide\\AppData\\Local\\Programs\\Python\\Python37\\Scripts\\mlagents-learn config/CoinAgentPPO.yaml --run-id=CoinAgentPPOBest --resume",
        "mlagents_version": "0.17.0",
        "mlagents_envs_version": "0.17.0",
        "communication_protocol_version": "1.0.0",
        "tensorflow_version": "2.2.0",
        "end_time_seconds": "1600279677"
    },
    "total": 10165.920662999999,
    "count": 1,
    "self": 0.30215420000058657,
    "children": {
        "run_training.setup": {
            "total": 0.011921699999999813,
            "count": 1,
            "self": 0.011921699999999813
        },
        "TrainerController.start_learning": {
            "total": 10165.6065871,
            "count": 1,
            "self": 297.1095674998087,
            "children": {
                "TrainerController._reset_env": {
                    "total": 15.814615600000002,
                    "count": 1,
                    "self": 15.814615600000002
                },
                "TrainerController.advance": {
                    "total": 9852.33234380019,
                    "count": 250058,
                    "self": 5.762933399855683,
                    "children": {
                        "env_step": {
                            "total": 9846.569410400334,
                            "count": 250058,
                            "self": 9383.269466999995,
                            "children": {
                                "SubprocessEnvManager._take_step": {
                                    "total": 457.3664860001265,
                                    "count": 250058,
                                    "self": 17.030664500392163,
                                    "children": {
                                        "NNPolicy.evaluate": {
                                            "total": 440.3358214997343,
                                            "count": 246870,
                                            "self": 440.3358214997343
                                        }
                                    }
                                },
                                "workers": {
                                    "total": 5.933457400212234,
                                    "count": 250058,
                                    "self": 0.0,
                                    "children": {
                                        "worker_root": {
                                            "total": 10137.633014499968,
                                            "count": 250058,
                                            "is_parallel": true,
                                            "self": 1826.540801600173,
                                            "children": {
                                                "steps_from_proto": {
                                                    "total": 0.0016183000000005165,
                                                    "count": 1,
                                                    "is_parallel": true,
                                                    "self": 0.00038400000000038403,
                                                    "children": {
                                                        "_process_vector_observation": {
                                                            "total": 0.0012343000000001325,
                                                            "count": 4,
                                                            "is_parallel": true,
                                                            "self": 0.0012343000000001325
                                                        }
                                                    }
                                                },
                                                "UnityEnvironment.step": {
                                                    "total": 8311.090594599795,
                                                    "count": 250058,
                                                    "is_parallel": true,
                                                    "self": 82.32401209984528,
                                                    "children": {
                                                        "UnityEnvironment._generate_step_input": {
                                                            "total": 67.9360359000542,
                                                            "count": 250058,
                                                            "is_parallel": true,
                                                            "self": 67.9360359000542
                                                        },
                                                        "communicator.exchange": {
                                                            "total": 7798.6284109998005,